有料,Spam
無料,Spam
料金,Spam
特典付,Spam
懸賞付,Spam
登録料金,Spam
利用料金,Spam
料金未払,Spam
未払い金,Spam
支払い,Spam
最終通告,Spam
本通知,Spam
連絡,Spam
配信停止,Spam
再開,Spam
サイト,Spam
ネットワーク,Spam
センター,Spam
クリック,Spam
有料サイト,Spam
アクセス,Spam
発生,Spam
遺憾,Spam
悪質,Spam
一切受,Spam
放置,Spam
不要,Spam
突然,Spam
一方的,Spam
分以内,Spam
永久,Spam
歳未満利用禁止,Spam
無料期間内,Spam
長期間,Spam
期間,Spam
限定,Spam
調査会社,Spam
身辺調査,Spam
個人調査,Spam
信用情報機関,Spam
個人信用情報,Spam
事業者,Spam
調査,Spam
携帯端末,Spam
携帯番号,Spam
携帯電話端末,Spam
法的書類,Spam
準備作成,Spam
即刻法的手続,Spam
強制執行対象者,Spam
利用規約,Spam
個人情報削除,Spam
法的,Spam
料金滞納者,Spam
悪質滞納者,Spam
未払,Spam
支払,Spam
退会処理,Spam
退会手続,Spam
退会,Spam
会員継続,Spam
認証,Spam
心当,Spam
納得,Spam
覚,Spam
転送,Spam
子猫,Spam
社長,Spam
おひさしぶりです,Spam
ごめんなさい,Spam
はじめまして,Spam
今すぐ,Spam
協力求,Spam
http://,Spam
https://,Spam
確認,Normal
修正,Normal
アンケート,Normal
機能,Normal
結果,Normal
質問事項,Normal
診断日程延期,Normal
相談,Normal
連絡,Normal
日経,Normal
記事掲載,Normal
本件,Normal
当社,Normal
Web,Normal
サイト,Normal
メディア,Normal
掲載,Normal
返信,Normal
コンテンツ,Normal
公開設定不備,Normal
リリース,Normal
確認可,Normal
記載,Normal
影響,Normal
別途質問,Normal
追記,Normal
指摘,Normal
軽微,Normal
対応無,Normal
選択肢,Normal
再度確認,Normal
予定通,Normal
明日実施,Normal
目処,Normal
検証環境,Normal
構築中,Normal
サーバ,Normal
移設,Normal
IP,Normal
制限,Normal
問題,Normal
進捗,Normal
診断,Normal
週目,Normal
日程調整,Normal
可能,Normal
無理,Normal
最短,Normal
質問,Normal
状況,Normal
診断対象,Normal
段階,Normal
作業,Normal
診断中断,Normal
長引,Normal
診断期間内,Normal
完了,Normal
弊社側,Normal
診断要員繰,Normal
今後,Normal
目処等,Normal
教示,Normal
質問票,Normal
内容,Normal
確認次第,Normal
回答,Normal
点確認,Normal
事項,Normal
添付,Normal
ファイル,Normal
解凍,Normal
パスワード,Normal
後程別途送付,Normal
http://,Normal
https://,Normal
